,precision,recall,f1-score,support
nevus,0.855421687,0.91025641,0.881987578,78
melanoma,0.72,0.6,0.654545455,30
seborrheic_keratosis,0.880952381,0.880952381,0.880952381,42
accuracy,0.84,0.84,0.84,0.84
macro avg,0.818791356,0.797069597,0.805828471,150
weighted avg,0.835485944,0.84,0.836209298,150
