,precision,recall,f1-score,support
nevus,0.886685552,0.796437659,0.839142091,393
melanoma,0.561538462,0.623931624,0.591093117,117
seborrheic_keratosis,0.58974359,0.766666667,0.666666667,90
accuracy,0.758333333,0.758333333,0.758333333,0.758333333
macro avg,0.679322535,0.729011983,0.698967292,600
weighted avg,0.778740575,0.758333333,0.764901228,600
